ADMIN001,Admin User,admin,admin,ADMIN
SALES001,Sales Manager,sales,sales,SALES_MANAGER
PURCH001,Purchase Manager,purchase,purchase,PURCHASE_MANAGER
FINAN001,Finance Manager,finance,finance,FINANCE_MANAGER
INVEN001,Inventory Manager,inventory,inventory,INVENTORY_MANAGER
U007,Lisa Wong,lisa,pass123,PURCHASE_STAFF
U008,Robert Chen,robert,pass123,INVENTORY_STAFF
U006,Ahmed Khan,ahmed,pass123,SALES_STAFF
U001,Administrator,admin,admin,ADMIN
U002,John Smith,john,pass123,SALES_MANAGER
U003,Maria Garcia,maria,pass123,PURCHASE_MANAGER
U004,David Lee,david,pass123,INVENTORY_MANAGER
U005,Sarah Johnson,sarah,pass123,FINANCE_MANAGER
USR-001,Jason,jason,1234,SALES_MANAGER
